,dummy,linear,mlp,rf,svm
linear,5.82335963055609,10.252967366706919,8.599075407553002,6.663043478260869,7.723514849266566
svm,5.82335963055609,7.759566052851909,6.49691174647416,5.793478260869565,10.007822151368694
